,close
2009/1/2,57.74
2009/1/5,59.95
2009/1/6,60.46
2009/1/7,56.31
2009/1/8,56.02
2009/1/9,56.17
2009/1/12,54.44
2009/1/13,55.9
2009/1/14,55.77
2009/1/15,55.72
2009/1/16,54.81
2009/1/20,51.51
2009/1/21,51.39
2009/1/22,51.65
2009/1/23,54.52
2009/1/26,53.34
2009/1/27,51.49
2009/1/28,52.97
2009/1/29,53.3
2009/1/30,52.85
2009/2/2,50.64
2009/2/3,50.68
2009/2/4,51.37
2009/2/5,53.06
2009/2/6,53.42
2009/2/9,53.27
2009/2/10,51.59
2009/2/11,51.33
2009/2/12,51.45
2009/2/13,50.17
2009/2/17,46.46
2009/2/18,44.41
2009/2/19,47.23
2009/2/20,46.55
2009/2/23,46.08
2009/2/24,47.25
2009/2/25,48.54
2009/2/26,51.25
2009/2/27,50.57
2009/3/2,46.49
2009/3/3,47.71
2009/3/4,50.4
2009/3/5,49.28
2009/3/6,50.88
2009/3/9,50.5
2009/3/10,50.4
2009/3/11,48.02
2009/3/12,51.51
2009/3/13,50.63
2009/3/16,51.38
2009/3/17,53.81
2009/3/18,53.66
2009/3/19,56.83
2009/3/20,57.28
2009/3/23,59.36
2009/3/24,59.05
2009/3/25,57.47
2009/3/26,58.99
2009/3/27,57.65
2009/3/30,54.15
2009/3/31,54.89
2009/4/1,53.79
2009/4/2,58.21
2009/4/3,58.7
2009/4/6,57.84
2009/4/7,56.97
2009/4/8,57.2
2009/4/9,59.33
2009/4/13,57.86
2009/4/14,57.49
2009/4/15,56.69
2009/4/16,57.06
2009/4/17,57.22
2009/4/20,53.65
2009/4/21,53.51
2009/4/22,53.49
2009/4/23,53.5
2009/4/24,55.12
2009/4/27,53.74
2009/4/28,53.19
2009/4/29,54.32
2009/4/30,54.45
2009/5/1,56.78
2009/5/4,58.82
2009/5/5,58.04
2009/5/6,59.82
2009/5/7,59.98
2009/5/8,61.45
2009/5/11,61.08
2009/5/12,61.45
2009/5/13,60.73
2009/5/14,61.12
2009/5/15,58.61
2009/5/18,61.02
2009/5/19,61.59
2009/5/20,63.21
2009/5/21,62.54
2009/5/22,63.07
2009/5/26,63.7
2009/5/27,64.74
2009/5/28,66.55
2009/5/29,67.72
2009/6/1,70.07
2009/6/2,70.25
2009/6/3,68.02
2009/6/4,70.52
2009/6/5,70.24
2009/6/8,70.02
2009/6/9,71.65
2009/6/10,72.89
2009/6/11,74.31
2009/6/12,73.56
2009/6/15,72.15
2009/6/16,71.96
2009/6/17,72.61
2009/6/18,72.69
2009/6/19,70.88
2009/6/22,68.32
2009/6/23,70.03
2009/6/24,69.5
2009/6/25,71.08
2009/6/26,70.02
2009/6/29,72.38
2009/6/30,70.84
2009/7/1,70.27
2009/7/2,67.74
2009/7/6,64.97
2009/7/7,63.86
2009/7/8,61.16
2009/7/9,61.49
2009/7/10,60.88
2009/7/13,60.56
2009/7/14,60.39
2009/7/15,62.58
2009/7/16,63.06
2009/7/17,64.58
2009/7/20,65.29
2009/7/21,65.61
2009/7/22,65.4
2009/7/23,67.16
2009/7/24,68.05
2009/7/27,68.38
2009/7/28,67.23
2009/7/29,63.35
2009/7/30,66.94
2009/7/31,69.45
2009/8/3,71.58
2009/8/4,71.42
2009/8/5,71.97
2009/8/6,71.94
2009/8/7,70.93
2009/8/10,70.6
2009/8/11,69.45
2009/8/12,70.16
2009/8/13,70.52
2009/8/14,67.51
2009/8/17,66.75
2009/8/18,69.19
2009/8/19,72.42
2009/8/20,74.52
2009/8/21,73.89
2009/8/24,74.37
2009/8/25,72.05
2009/8/26,71.43
2009/8/27,72.49
2009/8/28,72.74
2009/8/31,69.96
2009/9/1,68.05
2009/9/2,68.05
2009/9/3,67.96
2009/9/4,68.02
2009/9/8,71.1
2009/9/9,71.31
2009/9/10,71.94
2009/9/11,69.29
2009/9/14,68.86
2009/9/15,70.93
2009/9/16,72.51
2009/9/17,72.47
2009/9/18,72.04
2009/9/21,69.71
2009/9/22,72.22
2009/9/23,68.97
2009/9/24,65.89
2009/9/25,66.02
2009/9/28,66.84
2009/9/29,66.71
2009/9/30,70.61
2009/10/1,70.82
2009/10/2,69.95
2009/10/5,70.41
2009/10/6,70.88
2009/10/7,69.57
2009/10/8,71.69
2009/10/9,71.77
2009/10/12,73.27
2009/10/13,74.15
2009/10/14,75.18
2009/10/15,77.58
2009/10/16,78.53
2009/10/19,79.61
2009/10/20,79.12
2009/10/21,81.37
2009/10/22,81.19
2009/10/23,80.5
2009/10/26,78.68
2009/10/27,79.55
2009/10/28,77.46
2009/10/29,79.87
2009/10/30,77
2009/11/2,78.13
2009/11/3,79.6
2009/11/4,80.4
2009/11/5,79.62
2009/11/6,77.43
2009/11/9,79.43
2009/11/10,79.05
2009/11/11,79.28
2009/11/12,76.94
2009/11/13,76.35
2009/11/16,78.9
2009/11/17,79.14
2009/11/18,79.58
2009/11/19,77.46
2009/11/20,76.83
2009/11/23,77.53
2009/11/24,75.94
2009/11/25,77.66
2009/11/27,75.97
2009/11/30,77.29
2009/12/1,78.03
2009/12/2,76.78
2009/12/3,75.79
2009/12/4,75.99
2009/12/7,74.21
2009/12/8,74.17
2009/12/9,73.01
2009/12/10,70.96
2009/12/11,70.96
2009/12/14,69.87
2009/12/15,70.73
2009/12/16,72.17
2009/12/17,72.91
2009/12/18,73.05
2009/12/21,72.73
2009/12/22,72.73
2009/12/23,72.73
2009/12/24,77.75
2009/12/28,78.65
2009/12/29,78.95
2009/12/30,79.63
2009/12/31,79.62
2010/1/4,81.69
2010/1/5,81.77
2010/1/6,82.68
2010/1/7,82.38
2010/1/8,82.94
2010/1/11,81.92
2010/1/12,80
2010/1/13,79.94
2010/1/14,79.03
2010/1/15,77.95
2010/1/19,78.39
2010/1/20,77.42
2010/1/21,75.89
2010/1/22,74.09
2010/1/25,74.49
2010/1/26,74.79
2010/1/27,74
2010/1/28,73.73
2010/1/29,72.64
2010/2/1,74.73
2010/2/2,77.05
2010/2/3,76.98
2010/2/4,73.09
2010/2/5,71.89
2010/2/8,71.72
2010/2/9,73.32
2010/2/10,74.8
2010/2/11,74.86
2010/2/12,74.2
2010/2/16,77.45
2010/2/17,76.91
2010/2/18,78.14
2010/2/19,80.07
2010/2/22,80.03
2010/2/23,79.21
2010/2/24,79.64
2010/2/25,78.59
2010/2/26,79.61
2010/3/1,78.73
2010/3/2,79.7
2010/3/3,80.65
2010/3/4,80.71
2010/3/5,81.79
2010/3/8,81.47
2010/3/9,81.58
2010/3/10,81.62
2010/3/11,82.2
2010/3/12,81.1
2010/3/15,79.88
2010/3/16,81.7
2010/3/17,82.34
2010/3/18,81.89
2010/3/19,80.63
2010/3/22,81.29
2010/3/23,81.29
2010/3/24,80.38
2010/3/25,80.8
2010/3/26,80.15
2010/3/29,82.22
2010/3/30,82.36
2010/3/31,83.33
2010/4/1,85.31
2010/4/5,86.41
2010/4/6,86.84
2010/4/7,85.74
2010/4/8,85.74
2010/4/9,84.96
2010/4/12,84.09
2010/4/13,84.34
2010/4/14,86.09
2010/4/15,84.73
2010/4/16,83.35
2010/4/19,82
2010/4/20,82.98
2010/4/21,83.46
2010/4/22,83.6
2010/4/23,85.09
2010/4/26,83.78
2010/4/27,82.28
2010/4/28,83.19
2010/4/29,85.58
2010/4/30,86.22
2010/5/3,85.87
2010/5/4,82.42
2010/5/5,80.15
2010/5/6,77.65
2010/5/7,75.41
2010/5/10,76.9
2010/5/11,75.86
2010/5/12,75.36
2010/5/13,73.72
2010/5/14,72.05
2010/5/17,70.72
2010/5/18,68.63
2010/5/19,70.4
2010/5/20,68.28
2010/5/21,70.65
2010/5/24,69.25
2010/5/25,69.66
2010/5/26,71.5
2010/5/27,74.71
2010/5/28,74.09
2010/6/1,71.99
2010/6/2,73.59
2010/6/3,74.29
2010/6/4,70.91
2010/6/7,71.8
2010/6/8,72.49
2010/6/9,74.35
2010/6/10,75.18
2010/6/11,74.2
2010/6/14,75.28
2010/6/15,77.08
2010/6/16,77.07
2010/6/17,76.6
2010/6/18,77.35
2010/6/21,77.35
2010/6/22,77.2
2010/6/23,76.45
2010/6/24,76.6
2010/6/25,79.19
2010/6/28,77.66
2010/6/29,75.88
2010/6/30,74.8
2010/7/1,73.21
2010/7/2,72.27
2010/7/6,72.18
2010/7/7,74.84
2010/7/8,75.87
2010/7/9,76.45
2010/7/12,74.65
2010/7/13,76.88
2010/7/14,76.65
2010/7/15,76.61
2010/7/16,75.8
2010/7/19,76.84
2010/7/20,77.3
2010/7/21,76.38
2010/7/22,79.06
2010/7/23,78.89
2010/7/26,78.92
2010/7/27,77.26
2010/7/28,77.19
2010/7/29,78.17
2010/7/30,78.99
2010/8/2,81.43
2010/8/3,82.31
2010/8/4,82.16
2010/8/5,82.05
2010/8/6,80.88
2010/8/9,81.11
2010/8/10,80.12
2010/8/11,77.31
2010/8/12,76.66
2010/8/13,75.67
2010/8/16,75.26
2010/8/17,75.59
2010/8/18,75.55
2010/8/19,74.45
2010/8/20,73.45
2010/8/23,72.88
2010/8/24,71.88
2010/8/25,72.93
2010/8/26,73.05
2010/8/27,75.57
2010/8/30,74
2010/8/31,72.25
2010/9/1,73.66
2010/9/2,74.72
2010/9/3,74.34
2010/9/7,73.66
2010/9/8,74.75
2010/9/9,74.74
2010/9/10,76.39
2010/9/13,77.16
2010/9/14,76.22
2010/9/15,75.34
2010/9/16,74.77
2010/9/17,73.56
2010/9/20,74.25
2010/9/21,72.99
2010/9/22,74.79
2010/9/23,74.94
2010/9/24,76.5
2010/9/27,76.25
2010/9/28,76.52
2010/9/29,77.74
2010/9/30,80.24
2010/10/1,81.73
2010/10/4,81.25
2010/10/5,82.67
2010/10/6,83.54
2010/10/7,81.58
2010/10/8,82.84
2010/10/11,81.6
2010/10/12,82.06
2010/10/13,83.74
2010/10/14,82.81
2010/10/15,81.48
2010/10/18,82.68
2010/10/19,80.17
2010/10/20,81.93
2010/10/21,81.07
2010/10/22,81.91
2010/10/25,82.23
2010/10/26,82.08
2010/10/27,82.13
2010/10/28,81.71
2010/10/29,81.45
2010/11/1,83.36
2010/11/2,84.26
2010/11/3,85.27
2010/11/4,87.09
2010/11/5,87.4
2010/11/8,86.85
2010/11/9,86.3
2010/11/10,88.31
2010/11/11,86.4
2010/11/12,84.73
2010/11/15,84.52
2010/11/16,82.37
2010/11/17,81.12
2010/11/18,81.69
2010/11/19,81.65
2010/11/22,81.4
2010/11/23,81.61
2010/11/24,83.89
2010/11/26,83.94
2010/11/29,85.25
2010/11/30,84.18
2010/12/1,86.55
2010/12/2,87.77
2010/12/3,89.44
2010/12/6,89.18
2010/12/7,87.75
2010/12/8,88.91
2010/12/9,88.34
2010/12/10,87.82
2010/12/13,88.24
2010/12/14,87.87
2010/12/15,88.54
2010/12/16,88.25
2010/12/17,88.21
2010/12/20,88.66
2010/12/21,89.94
2010/12/22,90.65
2010/12/23,91.41
2010/12/27,91.04
2010/12/28,91.35
2010/12/29,91.23
2010/12/30,89.54
2010/12/31,91.4
2011/1/3,91.6
2011/1/4,89.3
2011/1/5,90.25
2011/1/6,88.87
2011/1/7,88.48
2011/1/10,89.41
2011/1/11,91.16
2011/1/12,91.86
2011/1/13,90.99
2011/1/14,91.67
2011/1/18,91.52
2011/1/19,90.75
2011/1/20,88.63
2011/1/21,89.13
2011/1/24,87.6
2011/1/25,87.54
2011/1/26,87.48
2011/1/27,85.18
2011/1/28,89.49
2011/1/31,91.97
2011/2/1,90.86
2011/2/2,91.23
2011/2/3,90.88
2011/2/4,89.12
2011/2/7,87.47
2011/2/8,87.26
2011/2/9,87.55
2011/2/10,87.45
2011/2/11,85.28
2011/2/14,85.21
2011/2/15,84.67
2011/2/16,85.09
2011/2/17,86.28
2011/2/18,86.15
2011/2/22,94.07
2011/2/23,99.27
2011/2/24,97.28
2011/2/25,97.88
2011/2/28,97.1
2011/3/1,100.22
2011/3/2,102.6
2011/3/3,102.27
2011/3/4,104.91
2011/3/7,104.99
2011/3/8,104.57
2011/3/9,104.84
2011/3/10,102.91
2011/3/11,100.59
2011/3/14,99.44
2011/3/15,97.1
2011/3/16,97.57
2011/3/17,102.81
2011/3/18,101.62
2011/3/21,102.6
2011/3/22,104.46
2011/3/23,105.15
2011/3/24,105.54
2011/3/25,105.52
2011/3/28,103.21
2011/3/29,104.23
2011/3/30,104.65
2011/3/31,106.98
2011/4/1,108.31
2011/4/4,108.22
2011/4/5,108.05
2011/4/6,108.44
2011/4/7,110.93
2011/4/8,113.05
2011/4/11,108.27
2011/4/12,106.14
2011/4/13,107.4
2011/4/14,108.17
2011/4/15,109.39
2011/4/18,106.7
2011/4/19,107.63
2011/4/20,112.23
2011/4/21,112.35
2011/4/25,111.3
2011/4/26,112.12
2011/4/27,113.42
2011/4/28,112.48
2011/4/29,113.73
2011/5/2,112.96
2011/5/3,110.62
2011/5/4,108.5
2011/5/5,100.65
2011/5/6,98.06
2011/5/9,101.01
2011/5/10,103.76
2011/5/11,99.44
2011/5/12,98.72
2011/5/13,99.34
2011/5/16,96.89
2011/5/17,97.78
2011/5/18,100.39
2011/5/19,99.01
2011/5/20,99.63
2011/5/23,98.02
2011/5/24,98.83
2011/5/25,101.72
2011/5/26,100.54
2011/5/27,100.75
2011/5/31,102.98
2011/6/1,99.99
2011/6/2,100.53
2011/6/3,100.57
2011/6/6,98.56
2011/6/7,98.65
2011/6/8,101.34
2011/6/9,102.04
2011/6/10,98.92
2011/6/13,97.22
2011/6/14,99.19
2011/6/15,95.5
2011/6/16,94.85
2011/6/17,92.91
2011/6/20,93.45
2011/6/21,93.7
2011/6/22,94.33
2011/6/23,91.88
2011/6/24,91.23
2011/6/27,90.96
2011/6/28,92.99
2011/6/29,95.08
2011/6/30,94.78
2011/7/1,94.75
2011/7/5,97.26
2011/7/6,97.41
2011/7/7,98.59
2011/7/8,96.7
2011/7/11,94.49
2011/7/12,96.92
2011/7/13,98.08
2011/7/14,96.22
2011/7/15,97.49
2011/7/18,96.2
2011/7/19,98.28
2011/7/20,98.21
2011/7/21,99.13
2011/7/22,99.87
2011/7/25,99.2
2011/7/26,99.09
2011/7/27,96.98
2011/7/28,97.04
2011/7/29,95.56
2011/8/1,95.18
2011/8/2,93.33
2011/8/3,92
2011/8/4,86.98
2011/8/5,86.38
2011/8/8,80.66
2011/8/9,81.66
2011/8/10,81.32
2011/8/11,85.72
2011/8/12,85.38
2011/8/15,87.88
2011/8/16,86.65
2011/8/17,87.58
2011/8/18,82.38
2011/8/19,82.26
2011/8/22,82.26
2011/8/23,85.44
2011/8/24,85.16
2011/8/25,85.3
2011/8/26,85.37
2011/8/29,87.27
2011/8/30,88.9
2011/8/31,88.81
2011/9/1,88.93
2011/9/2,86.45
2011/9/5,83.63
2011/9/6,86.02
2011/9/7,89.34
2011/9/8,89.05
2011/9/9,87.24
2011/9/12,88.19
2011/9/13,90.21
2011/9/14,88.91
2011/9/15,89.4
2011/9/16,87.96
2011/9/19,85.7
2011/9/20,86.89
2011/9/21,85.92
2011/9/22,80.51
2011/9/23,81
2011/9/26,80.24
2011/9/27,84.45
2011/9/28,80.63
2011/9/29,82.14
2011/9/30,79.2
2011/10/3,77.61
2011/10/4,75.67
2011/10/5,79.68
2011/10/6,82.59
2011/10/7,82.98
2011/10/10,85.41
2011/10/11,85.17
2011/10/12,85.57
2011/10/13,84.23
2011/10/14,86.8
2011/10/17,86.29
2011/10/18,88.37
2011/10/19,86.04
2011/10/20,85.3
2011/10/21,87.4
2011/10/24,91.27
2011/10/25,92.49
2011/10/26,90.87
2011/10/27,93.97
2011/10/28,93
2011/10/31,93.19
2011/11/1,92.19
2011/11/2,92.51
2011/11/3,94.07
2011/11/4,94.26
2011/11/7,95.52
2011/11/8,96.8
2011/11/9,95.74
2011/11/10,97.78
2011/11/11,98.99
2011/11/14,98.14
2011/11/15,99.37
2011/11/16,102.59
2011/11/17,98.82
2011/11/18,97.41
2011/11/21,96.92
2011/11/22,98.01
2011/11/23,96.17
2011/11/24,97.03
2011/11/25,96.77
2011/11/28,98.21
2011/11/29,99.79
2011/11/30,100.36
2011/12/1,100.08
2011/12/2,100.99
2011/12/5,100.62
2011/12/6,101.28
2011/12/7,100.71
2011/12/8,98.1
2011/12/9,99.41
2011/12/12,98.07
2011/12/13,100.22
2011/12/14,94.97
2011/12/15,93.87
2011/12/16,93.53
2011/12/19,94.08
2011/12/20,97.07
2011/12/21,98.85
2011/12/22,99.53
2011/12/23,99.8
2011/12/27,101.24
2011/12/28,99.67
2011/12/29,99.7
2011/12/30,99.2
2012/1/3,102.96
2012/1/4,103.25
2012/1/5,101.37
2012/1/6,102
2012/1/9,101.33
2012/1/10,102.11
2012/1/11,101.09
2012/1/12,99.36
2012/1/13,99.03
2012/1/17,100.87
2012/1/18,100.95
2012/1/19,100.36
2012/1/20,98.11
2012/1/23,99.7
2012/1/24,99.29
2012/1/25,99.7
2012/1/26,99.83
2012/1/27,99.76
2012/1/30,99.07
2012/1/31,98.4
2012/2/1,97.17
2012/2/2,96.67
2012/2/3,97.69
2012/2/6,97.2
2012/2/7,98.61
2012/2/8,98.98
2012/2/9,99.75
2012/2/10,99.09
2012/2/13,100.73
2012/2/14,100.92
2012/2/15,101.85
2012/2/16,102.28
2012/2/17,103.85
2012/2/20,105.26
2012/2/21,105.88
2012/2/22,106.1
2012/2/23,108.54
2012/2/24,109.45
2012/2/27,107.89
2012/2/28,106.6
2012/2/29,106.86
2012/3/1,108.55
2012/3/2,106.67
2012/3/5,107.04
2012/3/6,105.01
2012/3/7,106.13
2012/3/8,106.72
2012/3/9,107.33
2012/3/12,106.34
2012/3/13,106.71
2012/3/14,105.43
2012/3/15,105.11
2012/3/16,107.06
2012/3/19,108.09
2012/3/20,105.68
2012/3/21,106.81
2012/3/22,105.6
2012/3/23,106.73
2012/3/26,107.06
2012/3/27,106.84
2012/3/28,105.59
2012/3/29,103.34
2012/3/30,102.9
2012/4/2,105.01
2012/4/3,104.09
2012/4/4,101.47
2012/4/5,103.14
2012/4/6,103.31
2012/4/9,102.32
2012/4/10,101.02
2012/4/11,102.55
2012/4/12,103.55
2012/4/13,102.91
2012/4/16,103.16
2012/4/17,104.14
2012/4/18,102.78
2012/4/19,102.66
2012/4/20,103.05
2012/4/23,103.2
2012/4/24,103.75
2012/4/25,103.92
2012/4/26,104.13
2012/4/27,104.59
2012/4/30,104.89
2012/5/1,105.95
2012/5/2,105.4
2012/5/3,102.54
2012/5/4,98.65
2012/5/7,98
2012/5/8,97.5
2012/5/9,96.42
2012/5/10,96.65
2012/5/11,95.65
2012/5/14,94.26
2012/5/15,93.15
2012/5/16,92.9
2012/5/17,92.9
2012/5/18,91.43
2012/5/21,92.5
2012/5/22,91.44
2012/5/23,90.6
2012/5/24,90.78
2012/5/25,90.7
2012/5/28,91.15
2012/5/29,90.92
2012/5/30,87.55
2012/5/31,86.53
2012/6/1,83.23
2012/6/4,83.98
2012/6/5,84.01
2012/6/6,85.45
2012/6/7,83.75
2012/6/8,84.5
2012/6/11,81.17
2012/6/12,83.4
2012/6/13,82.62
2012/6/14,84.33
2012/6/15,84.03
2012/6/18,83.27
2012/6/19,83.81
2012/6/20,81.06
2012/6/21,78.03
2012/6/22,79.98
2012/6/25,79.35
2012/6/26,79.34
2012/6/27,80.45
2012/6/28,78.59
2012/6/29,84.82
2012/7/2,83.75
2012/7/3,87.5
2012/7/4,87.05
2012/7/5,87.01
2012/7/6,84.25
2012/7/9,85.57
2012/7/10,84.16
2012/7/11,86.03
2012/7/12,85.78
2012/7/13,86.9
2012/7/16,88.15
2012/7/17,89.05
2012/7/18,89.87
2012/7/19,92.12
2012/7/20,91.56
2012/7/23,88.09
2012/7/24,88.14
2012/7/25,88.99
2012/7/26,89.28
2012/7/27,90.13
2012/7/30,89.78
2012/7/31,88.06
2012/8/1,88.91
2012/8/2,87.13
2012/8/3,91.4
2012/8/6,92.2
2012/8/7,93.67
2012/8/8,93.31
2012/8/9,93.36
2012/8/10,92.87
2012/8/13,92.73
2012/8/14,93.43
2012/8/15,94.33
2012/8/16,95.6
2012/8/17,96.01
2012/8/20,95.97
2012/8/21,96.68
2012/8/22,97.24
2012/8/23,96.27
2012/8/24,96.12
2012/8/27,95.77
2012/8/28,96.33
2012/8/29,95.49
2012/8/30,94.62
2012/8/31,96.47
2012/9/3,97.05
2012/9/4,95.3
2012/9/5,95.36
2012/9/6,94.83
2012/9/7,96.42
2012/9/10,96.54
2012/9/11,96.81
2012/9/12,96.92
2012/9/13,97.99
2012/9/14,99
2012/9/17,96.73
2012/9/18,95.29
2012/9/19,91.98
2012/9/20,92.14
2012/9/21,92.89
2012/9/24,91.93
2012/9/25,90.87
2012/9/26,90.32
2012/9/27,92.2
2012/9/28,92.19
2012/10/1,92.48
2012/10/2,91.7
2012/10/3,88.14
2012/10/4,91.71
2012/10/5,89.98
2012/10/8,89.33
2012/10/9,92.39
2012/10/10,91.38
2012/10/11,92.07
2012/10/12,91.87
2012/10/15,91.85
2012/10/16,91.96
2012/10/17,92.03
2012/10/18,92.04
2012/10/19,90.05
2012/10/22,88.73
2012/10/23,86.67
2012/10/24,85.73
2012/10/25,86.05
2012/10/26,86.24
2012/10/29,85.54
2012/10/30,85.68
2012/10/31,86.08
2012/11/1,86.95
2012/11/2,84.86
2012/11/5,85.7
2012/11/6,88.33
2012/11/7,84.44
2012/11/8,85.09
2012/11/9,85.98
2012/11/12,85.57
2012/11/13,85.38
2012/11/14,86.34
2012/11/15,85.46
2012/11/16,86.62
2012/11/19,89.28
2012/11/20,87.34
2012/11/21,87.38
2012/11/22,87.12
2012/11/23,88.28
2012/11/26,87.91
2012/11/27,87.42
2012/11/28,86.69
2012/11/29,87.65
2012/11/30,88.7
2012/12/3,88.92
2012/12/4,88.5
2012/12/5,87.88
2012/12/6,86.39
2012/12/7,85.93
2012/12/10,85.56
2012/12/11,85.79
2012/12/12,86.77
2012/12/13,85.89
2012/12/14,86.73
2012/12/17,87.35
2012/12/18,87.93
2012/12/19,89.42
2012/12/20,89.97
2012/12/21,88.99
2012/12/24,88.61
2012/12/26,91.1
2012/12/27,91.04
2012/12/28,90.8
2012/12/31,91.82
2013/1/2,93.12
2013/1/3,92.86
2013/1/4,93.13
2013/1/7,93.19
2013/1/8,93.16
2013/1/9,93.22
2013/1/10,93.85
2013/1/11,93.79
2013/1/14,94.2
2013/1/15,93.45
2013/1/16,94.12
2013/1/17,95.15
2013/1/18,95.46
2013/1/21,95.89
2013/1/22,96.25
2013/1/23,95.55
2013/1/24,95.9
2013/1/25,96.06
2013/1/28,96.5
2013/1/29,97.3
2013/1/30,97.96
2013/1/31,97.46
2013/2/1,97.6
2013/2/4,96.15
2013/2/5,96.65
2013/2/6,96.75
2013/2/7,95.98
2013/2/8,95.76
2013/2/11,96.94
2013/2/12,97.51
2013/2/13,97.21
2013/2/14,97.35
2013/2/15,95.4
2013/2/18,95.96
2013/2/19,96.66
2013/2/20,94.65
2013/2/21,92.91
2013/2/22,93.36
2013/2/25,92.18
2013/2/26,92.79
2013/2/27,92.78
2013/2/28,91.85
2013/3/1,91.02
2013/3/4,90.38
2013/3/5,90.22
2013/3/6,90.5
2013/3/7,91.36
2013/3/8,91.87
2013/3/11,92.03
2013/3/12,92.54
2013/3/13,92.49
2013/3/14,93.18
2013/3/15,93.36
2013/3/18,93.79
2013/3/19,92.05
2013/3/20,93.3
2013/3/21,92.45
2013/3/22,93.78
2013/3/25,94.6
2013/3/26,96.15
2013/3/27,96.68
2013/3/28,97.23
2013/4/1,96.9
2013/4/2,96.78
2013/4/3,94.55
2013/4/4,93.39
2013/4/5,92.5
2013/4/8,93.51
2013/4/9,93.96
2013/4/10,94.55
2013/4/11,93.49
2013/4/12,90.66
2013/4/15,87.65
2013/4/16,88.72
2013/4/17,86.49
2013/4/18,88.25
2013/4/19,87.96
2013/4/22,88.9
2013/4/23,89.4
2013/4/24,91.61
2013/4/25,93.22
2013/4/26,92.9
2013/4/29,93.58
2013/4/30,93.13
2013/5/1,90.92
2013/5/2,93.96
2013/5/3,95.61
2013/5/6,95.71
2013/5/7,95.52
2013/5/8,96.61
2013/5/9,96.2
2013/5/10,95.97
2013/5/13,94.88
2013/5/14,94.22
2013/5/15,94.39
2013/5/16,95.25
2013/5/17,96.02
2013/5/20,96.45
2013/5/21,96.05
2013/5/22,94.13
2013/5/23,94.44
2013/5/24,93.87
2013/5/27,93.65
2013/5/28,95.01
2013/5/29,92.89
2013/5/30,93.58
2013/5/31,91.61
2013/6/3,93.39
2013/6/4,93.83
2013/6/5,93.74
2013/6/6,94.77
2013/6/7,95.93
2013/6/10,95.77
2013/6/11,94.91
2013/6/12,95.76
2013/6/13,96.68
2013/6/14,97.89
2013/6/17,97.92
2013/6/18,98.58
2013/6/19,98.18
2013/6/20,95.25
2013/6/21,93.95
2013/6/22,93.95
2013/6/24,94.95
2013/6/25,95.25
2013/6/26,95.49
2013/6/27,96.77
2013/6/28,96.49
2013/6/29,96.49
2013/7/1,98.06
2013/7/2,99.64
2013/7/3,101.08
2013/7/4,100.99
2013/7/5,103.63
2013/7/6,103.63
2013/7/8,103.05
2013/7/9,104.52
2013/7/10,106.17
2013/7/11,104.6
2013/7/12,106.25
2013/7/15,106.47
2013/7/16,105.96
2013/7/17,106.59
2013/7/18,108.22
2013/7/19,108.47
2013/7/22,107
2013/7/23,107.35
2013/7/24,105.32
2013/7/25,105.5
2013/7/26,104.49
2013/7/29,104.59
2013/7/30,103.17
2013/7/31,105.32
2013/8/1,107.81
2013/8/2,106.88
2013/8/5,106.5
2013/8/6,105.82
2013/8/7,104.18
2013/8/8,103.88
2013/8/9,106.03
2013/8/12,106.09
2013/8/13,106.53
2013/8/14,106.9
2013/8/15,107.16
2013/8/16,107.95
2013/8/19,106.95
2013/8/20,105
2013/8/21,103.84
2013/8/22,105.23
2013/8/23,106.32
2013/8/26,106.13
2013/8/27,109
2013/8/28,110.05
2013/8/29,108.2
2013/8/30,107.76
2013/9/2,106.82
2013/9/3,108.42
2013/9/4,107.3
2013/9/5,108.5
2013/9/6,110.23
2013/9/9,108.54
2013/9/10,107.23
2013/9/11,107.75
2013/9/12,108.71
2013/9/13,108.6
2013/9/16,106.12
2013/9/17,105.51
2013/9/18,108.25
2013/9/19,106.39
2013/9/20,104.6
2013/9/23,103.38
2013/9/24,103.37
2013/9/25,102.66
2013/9/26,102.86
2013/9/27,102.81
2013/9/30,102.29
2013/10/1,101.63
2013/10/2,103.8
2013/10/3,103.31
2013/10/4,103.67
2013/10/7,103.17
2013/10/8,103.62
2013/10/9,101.46
2013/10/10,102.96
2013/10/11,101.74
2013/10/14,102.14
2013/10/15,100.93
2013/10/16,102.08
2013/10/17,100.7
2013/10/18,100.86
2013/10/21,99.01
2013/10/22,97.8
2013/10/23,97.25
2013/10/24,97.23
2013/10/25,97.9
2013/10/28,98.54
2013/10/29,97.73
2013/10/30,97.35
2013/10/31,96.24
2013/11/1,94.6
2013/11/4,94.6
2013/11/5,93.72
2013/11/6,94.9
2013/11/7,94.35
2013/11/8,94.6
2013/11/11,95.02
2013/11/12,93.01
2013/11/13,93.44
2013/11/14,93.92
2013/11/15,93.74
2013/11/18,93.01
2013/11/19,93.37
2013/11/20,93.25
2013/11/21,95.23
2013/11/22,94.72
2013/11/25,94.18
2013/11/26,93.46
2013/11/27,92.36
2013/11/29,92.72
2013/12/2,93.82
2013/12/3,94.85
2013/12/4,97.29
2013/12/5,97.32
2013/12/6,97.82
2013/12/9,97.2
2013/12/10,98.67
2013/12/11,97.44
2013/12/12,97.53
2013/12/13,96.47
2013/12/16,97.48
2013/12/17,97.31
2013/12/18,97.6
2013/12/19,98.55
2013/12/20,99.1
2013/12/23,98.68
2013/12/24,99.17
2013/12/26,99.62
2013/12/27,100.15
2013/12/30,99.2
2013/12/31,98.7
2014/1/2,95.44
2014/1/3,94.31
2014/1/6,93.6
2014/1/7,93.95
2014/1/8,92.55
2014/1/9,92.28
2014/1/10,92.89
2014/1/13,91.54
2014/1/14,92.67
2014/1/15,93.52
2014/1/16,94.16
2014/1/17,94.09
2014/1/21,95.2
2014/1/22,96.74
2014/1/23,97.35
2014/1/24,96.9
2014/1/27,95.72
2014/1/28,97.17
2014/1/29,97.47
2014/1/30,98.07
2014/1/31,97.41
2014/2/3,96.55
2014/2/4,97.76
2014/2/5,97.38
2014/2/6,97.91
2014/2/7,100.14
2014/2/10,100
2014/2/11,100.41
2014/2/12,100.31
2014/2/13,100.35
2014/2/14,100.4
2014/2/18,103.14
2014/2/19,103.37
2014/2/20,103.05
2014/2/21,102.3
2014/2/24,102.85
2014/2/25,102.05
2014/2/26,102.55
2014/2/27,102.14
2014/2/28,102.55
2014/3/3,104.75
2014/3/4,103.33
2014/3/5,100.98
2014/3/6,101.96
2014/3/7,102.69
2014/3/10,100.94
2014/3/11,99.52
2014/3/12,98.07
2014/3/13,98.24
2014/3/14,99
2014/3/17,97.99
2014/3/18,99.56
2014/3/19,100.42
2014/3/20,99.7
2014/3/21,99.55
2014/3/24,99.41
2014/3/25,99.21
2014/3/26,100.29
2014/3/27,101.5
2014/3/28,101.67
2014/3/31,101.56
2014/4/1,99.69
2014/4/2,99.27
2014/4/3,100.43
2014/4/4,101.06
2014/4/7,100.73
2014/4/8,102.36
2014/4/9,103.45
2014/4/10,103.4
2014/4/11,103.33
2014/4/14,103.63
2014/4/15,103.84
2014/4/16,103.8
2014/4/17,104.59
2014/4/21,104.35
2014/4/22,102.15
2014/4/23,101.55
2014/4/24,101.91
2014/4/25,100.69
2014/4/28,100.57
2014/4/29,100.72
2014/4/30,99.69
2014/5/1,99.35
2014/5/2,99.99
2014/5/5,99.38
2014/5/6,99.86
2014/5/7,100.85
2014/5/8,100.27
2014/5/9,100.03
2014/5/12,100.62
2014/5/13,101.97
2014/5/14,102.07
2014/5/15,101.56
2014/5/16,102.18
2014/5/19,102.58
2014/5/20,102.7
2014/5/21,103.85
2014/5/22,103.76
2014/5/23,104.39
2014/5/27,104.16
2014/5/28,103.08
2014/5/29,103.51
2014/5/30,102.93
2014/6/2,102.45
2014/6/3,102.84
2014/6/4,102.37
2014/6/5,102.46
2014/6/6,102.79
2014/6/9,104.54
2014/6/10,104.28
2014/6/11,104.49
2014/6/12,106.86
2014/6/13,106.77
2014/6/16,107.03
2014/6/17,106.6
2014/6/18,106.04
2014/6/19,106.62
2014/6/20,107.3
2014/6/23,106.01
2014/6/24,105.94
2014/6/25,106.77
2014/6/26,105.7
2014/6/27,105.74
2014/6/30,105.51
2014/7/1,105.3
2014/7/2,104.24
2014/7/3,104.09
2014/7/7,103.39
2014/7/8,103.48
2014/7/9,101.94
2014/7/10,102.9
2014/7/11,100.49
2014/7/14,101.05
2014/7/15,100.17
2014/7/16,101.52
2014/7/17,103.75
2014/7/18,102.88
2014/7/21,104.58
2014/7/22,104.3
2014/7/23,103.02
2014/7/24,102
2014/7/25,101.89
2014/7/28,101.57
2014/7/29,101.04
2014/7/30,100.25
2014/7/31,98.15
2014/8/1,97.85
2014/8/4,98.4
2014/8/5,97.61
2014/8/6,96.84
2014/8/7,97.63
2014/8/8,97.35
2014/8/11,97.85
2014/8/12,97.23
2014/8/13,97.33
2014/8/14,95.51
2014/8/15,97.24
2014/8/18,96.64
2014/8/19,94.57
2014/8/20,96.3
2014/8/21,93.9
2014/8/22,93.36
2014/8/25,93.38
2014/8/26,93.94
2014/8/27,93.7
2014/8/28,94.57
2014/8/29,95.84
2014/9/2,93.25
2014/9/3,95.08
2014/9/4,94.58
2014/9/5,93.45
2014/9/8,93.12
2014/9/9,92.78
2014/9/10,91.72
2014/9/11,93.05
2014/9/12,92.15
2014/9/15,92.81
2014/9/16,94.75
2014/9/17,93.98
2014/9/18,93.02
2014/9/19,92.45
2014/9/22,91.46
2014/9/23,91.72
2014/9/24,92.87
2014/9/25,92.44
2014/9/26,93.35
2014/9/29,94.5
2014/9/30,91.33
2014/10/1,90.7
2014/10/2,91.4
2014/10/3,89.71
2014/10/6,90.45
2014/10/7,88.43
2014/10/8,87.75
2014/10/9,84.35
2014/10/10,85.52
2014/10/13,84.97
2014/10/14,82.36
2014/10/15,81.09
2014/10/16,83.08
2014/10/17,82.92
2014/10/20,82.72
2014/10/21,83.05
2014/10/22,80.32
2014/10/23,81.85
2014/10/24,81.3
2014/10/27,80.67
2014/10/28,81.58
2014/10/29,81.95
2014/10/30,80.93
2014/10/31,80.7
2014/11/3,78.2
2014/11/4,77.33
2014/11/5,78.93
2014/11/6,77.67
2014/11/7,78.43
2014/11/10,77.18
2014/11/11,77.53
2014/11/12,76.87
2014/11/13,74.29
2014/11/14,75.93
2014/11/17,75.47
2014/11/18,74.21
2014/11/19,74.26
2014/11/20,75.5
2014/11/21,76.72
2014/11/24,75.46
2014/11/25,73.8
2014/11/26,73.48
2014/11/28,65.99
2014/12/1,66.54
2014/12/2,67.57
2014/12/3,67.41
2014/12/4,66.73
2014/12/5,65.63
2014/12/8,63.02
2014/12/9,63.5
2014/12/10,61.22
2014/12/11,59.15
2014/12/12,57.49
2014/12/15,55.41
2014/12/16,55.41
2014/12/17,55.81
2014/12/18,54.89
2014/12/19,56.5
2014/12/22,55.38
2014/12/23,56.94
2014/12/24,55.85
2014/12/26,55.14
2014/12/29,53.76
2014/12/30,53.91
2014/12/31,53.71
2015/1/2,52.81
2015/1/5,49.95
2015/1/6,48.69
2015/1/7,48.69
2015/1/8,48.92
2015/1/9,48.21
2015/1/12,45.71
2015/1/13,46.11
2015/1/14,48.62
2015/1/15,46.33
2015/1/16,48.48
2015/1/20,47.34
2015/1/21,47.34
2015/1/22,46.52
2015/1/23,45.29
2015/1/26,45.08
2015/1/27,45.65
2015/1/28,44.38
2015/1/29,44.59
2015/1/30,49.83
2015/2/2,49.83
2015/2/3,51.57
2015/2/4,48.7
2015/2/5,50.92
2015/2/6,52.34
2015/2/9,52.43
2015/2/10,51
2015/2/11,49.45
2015/2/12,51.34
2015/2/13,52.65
2015/2/17,53.24
2015/2/18,50.48
2015/2/19,51.5
2015/2/20,50.25
2015/2/23,49.38
2015/2/24,49.16
2015/2/25,51.03
2015/2/26,48.92
2015/2/27,49.52
2015/3/2,49.79
2015/3/3,50.65
2015/3/4,51.6
2015/3/5,50.97
2015/3/6,49.61
2015/3/9,50.03
2015/3/10,48.71
2015/3/11,48.42
2015/3/12,46.93
2015/3/13,45
2015/3/16,43.79
2015/3/17,44.44
2015/3/18,46.82
2015/3/19,45.61
2015/3/20,46.48
2015/3/23,47.49
2015/3/24,47.7
2015/3/25,49
2015/3/26,51
2015/3/27,48.44
2015/3/30,48.74
2015/3/31,47.49
2015/4/1,49.55
2015/4/2,48.82
2015/4/6,51.96
2015/4/7,53.21
2015/4/8,50.98
2015/4/9,50.73
2015/4/10,51.78
2015/4/13,52
2015/4/14,53.42
2015/4/15,55.94
2015/4/16,56.53
2015/4/17,57.71
2015/4/20,57.92
2015/4/21,56.31
2015/4/22,56.2
2015/4/23,57.46
2015/4/24,57.4
2015/4/27,56.69
2015/4/28,56.93
2015/4/29,58.58
2015/4/30,59.75
2015/5/1,59.24
2015/5/4,59
2015/5/5,60.68
2015/5/6,60.67
2015/5/7,58.96
2015/5/8,59.49
2015/5/11,59.35
2015/5/12,61.17
2015/5/13,60.07
2015/5/14,59.66
2015/5/15,60.76
2015/5/18,60.38
2015/5/19,58.25
2015/5/20,58.76
2015/5/21,60.65
2015/5/22,59.97
2015/5/26,58.34
2015/5/27,57.65
2015/5/28,58
2015/5/29,60.23
2015/6/1,60.23
2015/6/2,61.03
2015/6/3,59.59
2015/6/4,57.98
2015/6/5,58.92
2015/6/8,58.25
2015/6/9,60.52
2015/6/10,61.13
2015/6/11,60.56
2015/6/12,59.94
2015/6/15,59.63
2015/6/16,60.05
2015/6/17,59.77
2015/6/18,60.47
2015/6/19,59.76
2015/6/22,60.24
2015/6/23,61.15
2015/6/24,60.2
2015/6/25,59.63
2015/6/26,59.6
2015/6/29,58.27
2015/6/30,59.06
2015/7/1,56.88
2015/7/2,56.53
2015/7/6,52.7
2015/7/7,52.95
2015/7/8,51.8
2015/7/9,52.54
2015/7/10,52.82
2015/7/13,52.02
2015/7/14,53.37
2015/7/15,51.61
2015/7/16,50.96
2015/7/17,51.13
2015/7/20,50.24
2015/7/21,50.62
2015/7/22,49.2
2015/7/23,48.85
2015/7/24,47.97
2015/7/27,47
2015/7/28,47.78
2015/7/29,48.9
2015/7/30,48.44
2015/7/31,46.73
2015/8/3,45.31
2015/8/4,45.96
2015/8/5,45.11
2015/8/6,44.83
2015/8/7,43.75
2015/8/10,44.83
2015/8/11,43.24
2015/8/12,42.95
2015/8/13,42.19
2015/8/14,42.16
2015/8/17,42.39
2015/8/18,42.86
2015/8/19,40.96
2015/8/20,40.98
2015/8/21,40.29
2015/8/24,38.08
2015/8/25,39.64
2015/8/26,38.9
2015/8/27,42.78
2015/8/28,45.33
2015/8/31,47.64
2015/9/1,44.17
2015/9/2,46.05
2015/9/3,46.69
2015/9/4,45.79
2015/9/8,45.75
2015/9/9,44.11
2015/9/10,45.72
2015/9/11,44.78
2015/9/14,44.14
2015/9/15,45.14
2015/9/16,47.13
2015/9/17,46.88
2015/9/18,45.35
2015/9/21,46.72
2015/9/22,46.57
2015/9/23,44.6
2015/9/24,45.1
2015/9/25,45.34
2015/9/28,44.47
2015/9/29,44.89
2015/9/30,45.36
2015/10/1,45.02
2015/10/2,45.66
2015/10/5,46.2
2015/10/6,49.04
2015/10/7,48.13
2015/10/8,49.67
2015/10/9,49.49
2015/10/12,47.44
2015/10/13,46.57
2015/10/14,46.29
2015/10/15,46.86
2015/10/16,47.72
2015/10/19,46.57
2015/10/20,45.92
2015/10/21,45.26
2015/10/22,45.49
2015/10/23,44.73
2015/10/26,43.73
2015/10/27,43.57
2015/10/28,46.18
2015/10/29,45.75
2015/10/30,46.39
2015/11/2,46.12
2015/11/3,47.82
2015/11/4,46.53
2015/11/5,45.31
2015/11/6,44.53
2015/11/9,44
2015/11/10,44.11
2015/11/11,42.96
2015/11/12,41.61
2015/11/13,40.8
2015/11/16,41.92
2015/11/17,40.81
2015/11/18,42.01
2015/11/19,41.84
2015/11/20,41.58
2015/11/23,41.84
2015/11/24,42.87
2015/11/25,43.1
2015/11/27,41.77
2015/11/30,41.65
2015/12/1,41.81
2015/12/2,40.16
2015/12/3,41.24
2015/12/4,40.11
2015/12/7,37.68
2015/12/8,37.56
2015/12/9,37.19
2015/12/10,36.55
2015/12/11,35.43
2015/12/14,36.28
2015/12/15,37.18
2015/12/16,35.71
2015/12/17,34.75
2015/12/18,34.6
2015/12/21,35.75
2015/12/22,36.18
2015/12/23,37.86
2015/12/24,38.12
2015/12/28,36.72
2015/12/29,37.88
2015/12/30,36.81
2015/12/31,37.1
2016/1/4,36.93
2016/1/5,35.8
2016/1/6,33.98
2016/1/7,33.18
2016/1/8,32.9
2016/1/11,31.15
2016/1/12,30.84
2016/1/13,30.73
2016/1/14,31.14
2016/1/15,29.63
2016/1/19,29.5
2016/1/20,28.67
2016/1/21,29.75
2016/1/22,32.18
2016/1/25,29.81
2016/1/26,31.14
2016/1/27,32.03
2016/1/28,33.68
2016/1/29,33.64
2016/2/1,31.38
2016/2/2,29.92
2016/2/3,32.7
2016/2/4,31.75
2016/2/5,31.02
2016/2/8,30.09
2016/2/9,28.37
2016/2/10,27.36
2016/2/11,27.08
2016/2/12,29.09
2016/2/16,29.1
2016/2/17,30.49
2016/2/18,30.45
2016/2/19,29.88
2016/2/22,33.35
2016/2/23,31.87
2016/2/24,32.23
2016/2/25,33.03
2016/2/26,32.79
2016/2/29,33.9
2016/3/1,34.4
2016/3/2,34.77
2016/3/3,34.71
2016/3/4,36.26
2016/3/7,37.93
2016/3/8,36.25
2016/3/9,38.34
2016/3/10,37.93
2016/3/11,38.56
2016/3/14,37.37
2016/3/15,36.72
2016/3/16,38.6
2016/3/17,40.34
2016/3/18,41.13
2016/3/21,41.62
2016/3/22,41.22
2016/3/23,39.76
2016/3/24,39.59
2016/3/28,39.3
2016/3/29,38.49
2016/3/30,38.3
2016/3/31,38.11
2016/4/1,36.63
2016/4/4,35.46
2016/4/5,36.56
2016/4/6,37.73
2016/4/7,37.53
2016/4/8,39.66
2016/4/11,40.36
2016/4/12,41.64
2016/4/13,41.55
2016/4/14,41.45
2016/4/15,41.75
2016/4/18,41.47
2016/4/19,42.42
2016/4/20,43.97
2016/4/21,43.43
2016/4/22,43.75
2016/4/25,42.99
2016/4/26,44.66
2016/4/27,45.33
2016/4/28,45.88
2016/4/29,45.99
2016/5/2,44.89
2016/5/3,43.88
2016/5/4,44.05
2016/5/5,44.51
2016/5/6,44.56
2016/5/9,43.24
2016/5/10,44.53
2016/5/11,45.99
2016/5/12,46.39
2016/5/13,46.37
2016/5/16,47.89
2016/5/17,49.24
2016/5/18,48.45
2016/5/19,48.77
2016/5/20,48.48
2016/5/23,48.11
2016/5/24,49.1
2016/5/25,49.74
2016/5/26,49.4
2016/5/27,49.56
2016/5/31,48.83
2016/6/1,48.91
2016/6/2,49.06
2016/6/3,48.9
2016/6/6,49.71
2016/6/7,50.43
2016/6/8,51.53
2016/6/9,50.46
2016/6/10,48.88
2016/6/13,48.56
2016/6/14,47.9
2016/6/15,47.49
2016/6/16,45.99
2016/6/17,48.86
2016/6/20,49.84
2016/6/21,50.2
2016/6/22,49
2016/6/23,50.13
2016/6/24,47.57
2016/6/27,46.61
2016/6/28,48.11
2016/6/29,49.54
2016/6/30,48.4
2016/7/1,49.28
2016/7/5,46.86
2016/7/6,47.89
2016/7/7,45.19
2016/7/8,45.12
2016/7/11,44.55
2016/7/12,46.62
2016/7/13,45.11
2016/7/14,45.5
2016/7/15,46.98
2016/7/18,45.91
2016/7/19,44.57
2016/7/20,45.66
2016/7/21,44.54
2016/7/22,44.26
2016/7/25,43.05
2016/7/26,42.64
2016/7/27,41.91
2016/7/28,41.1
2016/7/29,41.38
2016/8/1,40.08
2016/8/2,39.72
2016/8/3,41.17
2016/8/4,41.81
2016/8/5,41.98
2016/8/8,42.87
2016/8/9,42.75
2016/8/10,41.49
2016/8/11,43.46
2016/8/12,44.69
2016/8/15,45.71
2016/8/16,46.41
2016/8/17,46.94
2016/8/18,48.34
2016/8/19,49.12
2016/8/22,47.39
2016/8/23,47.57
2016/8/24,46.8
2016/8/25,47.38
2016/8/26,47.29
2016/8/29,46.95
2016/8/30,46.26
2016/8/31,44.86
2016/9/1,43.53
2016/9/2,44.2
2016/9/6,44.88
2016/9/7,46.14
2016/9/8,47.32
2016/9/9,45.71
2016/9/12,46.06
2016/9/13,44.97
2016/9/14,43.64
2016/9/15,43.7
2016/9/16,43.75
2016/9/19,43.77
2016/9/20,44.43
2016/9/21,45.62
2016/9/22,46.08
2016/9/23,44.59
2016/9/26,45.62
2016/9/27,44.93
2016/9/28,47.16
2016/9/29,47.72
2016/9/30,48.05
2016/10/3,48.65
2016/10/4,49.19
2016/10/5,49.7
2016/10/6,50.56
2016/10/7,49.55
2016/10/10,51.16
2016/10/11,50.86
2016/10/12,50.01
2016/10/13,50.55
2016/10/14,50.32
2016/10/17,50.47
2016/10/18,51.1
2016/10/19,51.67
2016/10/20,50.61
2016/10/21,51
2016/10/24,50.49
2016/10/25,49.3
2016/10/26,49.23
2016/10/27,49.6
2016/10/28,48.66
2016/10/31,46.76
2016/11/1,46.33
2016/11/2,45.51
2016/11/3,44.67
2016/11/4,44.13
2016/11/7,44.96
2016/11/8,44.68
2016/11/9,45.34
2016/11/10,44.29
2016/11/11,43.22
2016/11/14,43.72
2016/11/15,45.75
2016/11/16,45.33
2016/11/17,44.93
2016/11/18,45.58
2016/11/21,48.33
2016/11/22,47.9
2016/11/23,47.94
2016/11/25,45.96
2016/11/28,46.9
2016/11/29,45.23
2016/11/30,48.98
2016/12/1,50.91
2016/12/2,51.68
2016/12/5,50.95
2016/12/6,50.91
2016/12/7,49.84
2016/12/8,50.96
2016/12/9,51.48
2016/12/12,52.44
2016/12/13,52.5
2016/12/14,50.8
2016/12/15,51.07
2016/12/16,53.06
2016/12/19,53.13
2016/12/20,53.51
2016/12/21,52.51
2016/12/22,52.68
2016/12/23,53.25
2016/12/27,53.86
2016/12/28,53.66
2016/12/29,53.85
2016/12/30,53.89
2017/1/3,52.47
2017/1/4,53.35
2017/1/5,53.77
2017/1/6,53.7
2017/1/9,51.78
2017/1/10,50.78
2017/1/11,52.37
2017/1/12,53.03
2017/1/13,52.53
2017/1/17,53.33
2017/1/18,52.18
2017/1/19,52.17
2017/1/20,53.24
2017/1/23,52.83
2017/1/24,52.94
2017/1/25,52.98
2017/1/26,53.74
2017/1/27,53.2
2017/1/30,52.59
2017/1/31,52.8
2017/2/1,53.55
2017/2/2,53.64
2017/2/3,53.85
2017/2/6,53.1
2017/2/7,51.7
2017/2/8,52.38
2017/2/9,53.14
2017/2/10,53.85
2017/2/13,52.88
2017/2/14,53.03
2017/2/15,52.99
2017/2/16,53.46
2017/2/17,53.73
2017/2/21,54.24
2017/2/22,53.87
2017/2/23,54.36
2017/2/24,54.02
2017/2/27,54.04
2017/2/28,54
2017/3/1,53.67
2017/3/2,52.56
2017/3/3,53.2
2017/3/6,53.18
2017/3/7,52.79
2017/3/8,50.2
2017/3/9,49.61
2017/3/10,48.39
2017/3/13,48.47
2017/3/14,48.5
2017/3/15,48.96
2017/3/16,48.8
2017/3/17,49.26
2017/3/20,48.91
2017/3/21,48.15
2017/3/22,48.16
2017/3/23,47.67
2017/3/24,48.14
2017/3/27,47.85
2017/3/29,49.6
2017/3/31,50.85
2017/4/3,50.28
2017/4/5,50.82
2017/4/6,51.74
2017/4/7,52.23
2017/4/11,53.4
2017/4/12,52.82
2017/4/13,52.91
2017/4/17,52.75
2017/4/18,52.76
2017/4/19,51
2017/4/20,50.73
2017/4/21,49.63
2017/4/24,49.21
2017/4/25,49.36
2017/4/26,49.21
2017/4/27,49.24
2017/4/28,49.19
2017/5/1,48.74
2017/5/2,48.08
2017/5/3,47.55
2017/5/4,45.49
2017/5/5,46.47
2017/5/8,46.5
2017/5/9,46.2
2017/5/10,47.52
2017/5/11,47.82
2017/5/12,47.82
2017/5/15,48.82
2017/5/16,48.23
2017/5/17,48.96
2017/5/18,49.34
2017/5/19,50.53
2017/5/22,51.04
2017/5/23,51.49
2017/5/24,51.3
2017/5/25,48.71
2017/5/26,49.87
2017/5/30,49.65
2017/5/31,48.63
2017/6/1,48.03
2017/6/2,47.74
2017/6/5,47.39
2017/6/6,47.98
2017/6/7,45.78
2017/6/8,45.71
2017/6/9,45.9
2017/6/12,46
2017/6/13,45.95
2017/6/14,44.68
2017/6/15,44.24
2017/6/16,44.68
2017/6/19,44.33
2017/6/20,43.36
2017/6/21,42.53
2017/6/22,42.78
2017/6/23,43.17
2017/6/26,43.49
2017/6/27,43.72
2017/6/28,44.88
2017/6/29,44.87
2017/6/30,46.33
2017/7/3,47.05
2017/7/5,45.61
2017/7/6,45.33
2017/7/7,44.33
2017/7/10,44.55
2017/7/11,45.76
2017/7/12,45.46
2017/7/13,46.1
2017/7/14,46.68
2017/7/17,46
2017/7/18,46.44
2017/7/19,47.27
2017/7/20,46.93
2017/7/21,45.6
2017/7/24,46.48
2017/7/25,48.55
2017/7/26,48.72
2017/7/27,49.15
2017/7/28,49.79
2017/7/31,50.17
2017/8/1,48.79
2017/8/2,49.61
2017/8/3,48.93
2017/8/4,49.52
2017/8/7,49.31
2017/8/8,48.96
2017/8/9,49.7
2017/8/10,48.51
2017/8/11,48.79
2017/8/14,47.5
2017/8/15,47.71
2017/8/16,46.77
2017/8/17,46.93
2017/8/18,48.9
2017/8/21,47.57
2017/8/22,47.63
2017/8/23,48.37
2017/8/24,47.62
2017/8/25,47.86
2017/8/28,46.81
2017/8/29,46.32
2017/8/30,45.97
2017/8/31,47.09
2017/9/1,47.35
2017/9/5,48.62
2017/9/6,49.15
2017/9/7,49.11
2017/9/8,47.56
2017/9/11,48.1
2017/9/12,48.37
2017/9/13,49.32
2017/9/14,49.72
2017/9/15,49.83
2017/9/18,50.36
2017/9/19,50.28
2017/9/20,50.73
2017/9/21,50.74
2017/9/22,50.66
2017/9/25,52.13
2017/9/26,52.09
2017/9/27,52.03
2017/9/28,51.59
2017/9/29,51.64
2017/10/2,50.57
2017/10/3,50.18
2017/10/4,49.9
2017/10/5,50.75
2017/10/6,49.25
2017/10/9,49.56
2017/10/10,50.94
2017/10/11,51.02
2017/10/12,50.74
2017/10/13,51.42
2017/10/16,51.92
2017/10/17,51.94
2017/10/18,52.25
2017/10/19,51.59
2017/10/20,52.07
2017/10/23,51.86
2017/10/24,52.53
2017/10/25,52.17
2017/10/26,52.82
2017/10/27,54.19
2017/10/30,54.12
2017/10/31,54.64
2017/11/1,54.27
2017/11/2,54.74
2017/11/3,55.7
2017/11/6,57.34
2017/11/7,57.25
2017/11/8,56.83
2017/11/9,57.09
2017/11/10,56.83
2017/11/13,56.72
2017/11/14,55.28
2017/11/15,55.26
2017/11/16,55.4
2017/11/17,56.72
2017/11/20,56.38
2017/11/21,56.96
2017/11/22,58
2017/11/24,58.97
2017/11/27,57.91
2017/11/28,57.92
2017/11/29,57.39
2017/11/30,57.37
2017/12/1,58.35
2017/12/4,57.46
2017/12/5,57.69
2017/12/6,55.97
2017/12/7,56.61
2017/12/8,57.33
2017/12/11,58.02
2017/12/12,57.27
2017/12/13,56.69
2017/12/14,57.17
2017/12/15,57.34
2017/12/18,57.27
2017/12/19,57.58
2017/12/20,58.08
2017/12/21,58.24
2017/12/22,58.3
2017/12/26,59.78
2017/12/27,59.6
2017/12/28,59.91
2017/12/29,60.12
2018/1/2,60.38
2018/1/3,61.78
2018/1/4,61.9
2018/1/5,61.58
2018/1/8,61.88
2018/1/9,62.94
2018/1/10,63.45
2018/1/11,63.57
2018/1/12,64.4
2018/1/15,64.81
2018/1/16,63.79
2018/1/17,63.91
2018/1/18,63.74
2018/1/19,63.44
2018/1/22,63.85
2018/1/23,64.75
2018/1/24,66.01
2018/1/25,65.25
2018/1/26,66.19
2018/1/29,65.45
2018/1/30,64.34
2018/1/31,64.86
2018/2/1,66.09
2018/2/2,65.02
2018/2/5,63.79
2018/2/6,63.42
2018/2/7,61.7
2018/2/8,60.4
2018/2/9,59.22
2018/2/12,59.31
2018/2/13,59.19
2018/2/14,60.69
2018/2/15,61.53
2018/2/16,61.66
2018/2/19,62.37
2018/2/20,61.61
2018/2/21,61.12
2018/2/22,62.66
2018/2/23,63.55
2018/2/26,64.02
2018/2/27,62.9
2018/2/28,61.52
2018/3/1,61.4
2018/3/2,61.39
2018/3/5,62.6
2018/3/6,62.46
2018/3/7,61.4
2018/3/8,60.32
2018/3/9,62.03
2018/3/12,61.38
2018/3/13,60.85
2018/3/14,60.93
2018/3/15,61.19
2018/3/16,62.25
2018/3/19,62.22
2018/3/20,63.74
2018/3/21,65.49
2018/3/22,64.21
2018/3/23,65.74
2018/3/26,65.49
2018/3/27,64.66
2018/3/28,64.67
2018/3/29,64.91
2018/4/2,62.85
2018/4/3,63.57
2018/4/4,63.56
2018/4/5,63.73
2018/4/6,61.95
2018/4/9,63.29
2018/4/10,65.58
2018/4/11,66.74
2018/4/12,67.12
2018/4/13,67.39
2018/4/16,66.34
2018/4/17,66.67
2018/4/18,68.76
2018/4/19,68.16
2018/4/20,68.06
2018/4/23,68.92
2018/4/24,67.72
2018/4/25,68.01
2018/4/26,68.16
2018/4/27,67.97
2018/4/30,68.57
2018/5/1,67.5
2018/5/2,67.68
2018/5/3,68.5
2018/5/4,69.79
2018/5/7,70
2018/5/8,70.04
2018/5/9,71.24
2018/5/10,71.4
2018/5/11,70.51
2018/5/14,71.17
2018/5/15,71
2018/5/16,71.54
2018/5/17,71.59
2018/5/18,71.48
2018/5/21,72.66
2018/5/22,72.13
2018/5/23,71.83
2018/5/24,70.67
2018/5/25,67.5
2018/5/28,66.47
2018/5/29,66.87
2018/5/30,68.23
2018/5/31,67.1
2018/6/1,65.71
2018/6/4,64.88
2018/6/5,65.53
2018/6/6,65.01
2018/6/7,65.95
2018/6/8,65.56
2018/6/11,66.07
2018/6/12,66.04
2018/6/13,66.62
2018/6/14,67
2018/6/15,64.38
2018/6/18,65.67
2018/6/19,64.9
2018/6/20,65.34
2018/6/21,65.8
2018/6/22,69.28
2018/6/25,68.19
2018/6/26,70.68
2018/6/27,72.3
2018/6/28,73.28
2018/6/29,74.25
2018/7/2,74.06
2018/7/3,74.28
2018/7/4,74.33
2018/7/5,73.12
2018/7/6,73.92
2018/7/9,74.01
2018/7/10,74.21
2018/7/11,70.61
2018/7/12,70.35
2018/7/13,70.58
2018/7/16,68
2018/7/17,67.61
2018/7/18,67.93
2018/7/19,68.01
2018/7/20,68.14
2018/7/23,67.8
2018/7/24,68.76
2018/7/25,69.26
2018/7/26,69.54
2018/7/27,69.04
2018/7/30,70.09
2018/7/31,68.43
2018/8/1,67.85
2018/8/2,68.99
2018/8/3,68.68
2018/8/6,68.9
2018/8/7,69.09
2018/8/8,66.78
2018/8/9,66.7
2018/8/10,67.75
2018/8/13,67.41
2018/8/14,66.63
2018/8/15,64.9
2018/8/16,65.45
2018/8/17,65.92
2018/8/20,65.44
2018/8/21,66.07
2018/8/22,68.11
2018/8/23,67.84
2018/8/24,68.52
2018/8/27,68.92
2018/8/28,68.53
2018/8/29,69.7
2018/8/30,70.05
2018/8/31,69.88
2018/9/4,69.37
2018/9/5,68.64
2018/9/6,67.89
2018/9/7,67.86
2018/9/10,67.53
2018/9/11,69.91
2018/9/12,70.3
2018/9/13,68.81
2018/9/14,68.98
2018/9/17,68.53
2018/9/18,69.45
2018/9/19,71.02
2018/9/20,70.17
2018/9/21,70.71
2018/9/24,72.27
2018/9/25,72.08
2018/9/26,72.04
2018/9/27,72.19
2018/9/28,73.56
2018/10/1,75.47
2018/10/2,75.04
2018/10/3,76.22
2018/10/4,74.63
2018/10/5,74.29
2018/10/8,74.22
2018/10/9,74.67
2018/10/10,72.63
2018/10/11,70.99
2018/10/12,71.51
2018/10/15,71.72
2018/10/16,72.17
2018/10/17,70.05
2018/10/18,68.71
2018/10/19,69.54
2018/10/22,69.52
2018/10/23,66.09
2018/10/24,66.39
2018/10/25,66.98
2018/10/26,67.62
2018/10/29,66.69
2018/10/30,66.35
2018/10/31,64.86
2018/11/1,63.54
2018/11/2,62.86
2018/11/5,62.69
2018/11/6,61.77
2018/11/7,61.59
2018/11/8,60.77
2018/11/9,59.87
2018/11/12,58.86
2018/11/13,55.28
2018/11/14,56
2018/11/15,56.78
2018/11/16,57.03
2018/11/19,57.38
2018/11/20,53.39
2018/11/21,54.64
2018/11/22,53.85
2018/11/23,50.39
2018/11/26,51.6
2018/11/27,52.09
2018/11/28,50.31
2018/11/29,51.26
2018/11/30,50.72
2018/12/3,53.08
2018/12/4,52.61
2018/12/5,52.92
2018/12/6,51.71
2018/12/7,52.13
2018/12/10,50.8
2018/12/11,51.73
2018/12/12,51.18
2018/12/13,53.1
2018/12/14,51.16
2018/12/17,49.47
2018/12/18,46.24
2018/12/19,47.41
2018/12/20,46.22
2018/12/21,45.42
2018/12/24,42.68
2018/12/26,46.61
2018/12/27,45.41
2018/12/28,45.12
2018/12/31,45.81
2019/1/2,46.33
2019/1/3,46.83
2019/1/4,48.31
2019/1/7,48.77
2019/1/8,49.79
2019/1/9,52.16
2019/1/10,52.32
2019/1/11,51.7
2019/1/14,50.78
2019/1/15,51.99
2019/1/16,52.32
2019/1/17,52.48
2019/1/18,53.99
2019/1/22,52.99
2019/1/23,52.43
2019/1/24,53.18
2019/1/25,53.55
2019/1/28,52.09
2019/1/29,53.24
2019/1/30,54.22
2019/1/31,54.02
2019/2/1,55.37
2019/2/4,54.84
2019/2/5,53.72
2019/2/6,53.9
2019/2/7,52.61
2019/2/8,52.71
2019/2/11,52.45
2019/2/12,53.34
2019/2/13,53.95
2019/2/14,54.47
2019/2/15,56.2
2019/2/19,56.43
2019/2/20,57.24
2019/2/21,56.84
2019/2/22,57.07
2019/2/25,55.43
2019/2/26,55.99
2019/2/27,56.98
2019/2/28,57.25
2019/3/1,55.75
2019/3/4,56.45
2019/3/5,56.28
2019/3/6,56.19
2019/3/7,56.4
2019/3/8,56.04
2019/3/11,56.77
2019/3/12,57.09
2019/3/13,58.34
2019/3/14,58.53
2019/3/15,58.74
2019/3/18,59.28
2019/3/19,59.29
2019/3/20,59.99
2019/3/21,59.87
2019/3/22,58.97
2019/3/25,59.08
2019/3/26,60.04
2019/3/27,59.4
2019/3/28,59.51
2019/3/29,60.18
2019/4/1,61.77
2019/4/2,62.59
2019/4/3,62.49
2019/4/4,62.18
2019/4/5,63.26
2019/4/8,64.46
2019/4/9,64.22
2019/4/10,64.47
2019/4/11,63.71
2019/4/12,63.76
2019/4/15,63.57
2019/4/16,64.33
2019/4/17,63.75
2019/4/18,64.06
2019/4/22,65.68
2019/4/23,66.18
2019/4/24,65.78
2019/4/25,65.11
2019/4/26,62.8
2019/4/29,63.61
2019/4/30,63.47
2019/5/1,63.62
2019/5/2,61.54
2019/5/3,61.86
2019/5/6,62.54
2019/5/7,61.44
2019/5/8,61.99
2019/5/9,61.6
2019/5/10,61.71
2019/5/13,60.84
2019/5/14,61.34
2019/5/15,62.13
2019/5/16,63.14
2019/5/17,62.87
2019/5/20,63.3
2019/5/21,62.97
2019/5/22,61.32
2019/5/23,58.19
2019/5/24,59.02
2019/5/27,59.24
2019/5/28,59.06
2019/5/29,59.06
2019/5/30,56.41
2019/5/31,53.36
2019/6/3,52.85
2019/6/4,52.95
2019/6/5,51.69
2019/6/6,53.18
2019/6/7,54.04
2019/6/10,53.42
2019/6/11,53.05
2019/6/12,51.08
2019/6/13,52.2
2019/6/14,52.51
2019/6/17,51.92
2019/6/18,54.3
2019/6/19,54.38
2019/6/20,57.16
2019/6/21,57.6
2019/6/24,57.75
2019/6/25,58.77
2019/6/26,59.21
2019/6/27,59.28
2019/6/28,58.2
2019/7/1,59.19
2019/7/2,56.32
2019/7/3,57.4
2019/7/4,56.8
2019/7/5,57.73
2019/7/8,57.57
2019/7/9,58.34
2019/7/10,60.27
2019/7/11,60.43
2019/7/12,60.39
2019/7/15,59.31
2019/7/16,57.48
2019/7/17,56.58
2019/7/18,55.77
2019/7/19,55.86
2019/7/22,56.22
2019/7/23,57.17
2019/7/24,55.9
2019/7/25,55.91
2019/7/26,56.16
2019/7/29,57.05
2019/7/30,58.34
2019/7/31,57.89
2019/8/1,54.49
2019/8/2,55.19
2019/8/5,55.01
2019/8/6,53.46
2019/8/7,52.31
2019/8/8,52.92
2019/8/9,54.27
2019/8/12,54.78
2019/8/13,56.73
2019/8/14,54.95
2019/8/15,54.7
2019/8/16,54.85
2019/8/19,56.11
2019/8/20,56.12
2019/8/21,55.85
2019/8/22,55.39
2019/8/23,53.97
2019/8/26,53.8
2019/8/27,55.69
2019/8/28,55.9
2019/8/29,56.61
2019/8/30,55.16
2019/9/3,53.93
2019/9/4,55.98
2019/9/5,56.17
2019/9/6,56.73
2019/9/9,58.05
2019/9/10,57.87
2019/9/11,55.97
2019/9/12,55.12
2019/9/13,54.82
2019/9/16,61.88
2019/9/17,58.81
2019/9/18,58.19
2019/9/19,58.64
2019/9/20,58.39
2019/9/23,58.49
2019/9/24,56.8
2019/9/25,56.66
2019/9/26,56.54
2019/9/27,56.18
2019/9/30,54.24
2019/10/1,53.98
2019/10/2,52.38
2019/10/3,52.31
2019/10/4,53.01
2019/10/7,52.8
2019/10/8,52.57
2019/10/9,52.65
2019/10/10,53.86
2019/10/11,54.91
2019/10/14,53.48
2019/10/15,52.91
2019/10/16,52.97
2019/10/17,54.1
2019/10/18,53.85
2019/10/21,53.64
2019/10/22,54.32
2019/10/23,55.88
2019/10/24,56.07
2019/10/25,56.63
2019/10/28,55.74
2019/10/29,55.5
2019/10/30,54.9
2019/10/31,54.14
2019/11/1,56.23
2019/11/4,56.53
2019/11/5,57.27
2019/11/6,56.39
2019/11/7,57.07
2019/11/8,57.44
2019/11/11,56.9
2019/11/12,56.78
2019/11/13,57.38
2019/11/14,56.9
2019/11/15,57.93
2019/11/18,56.88
2019/11/19,55.25
2019/11/20,57.09
2019/11/21,58.33
2019/11/22,57.93
2019/11/25,57.91
2019/11/26,58.32
2019/11/27,58.14
2019/11/29,55.42
2019/12/2,55.99
2019/12/3,56.32
2019/12/4,58.35
2019/12/5,58.33
2019/12/6,59.07
2019/12/9,58.91
2019/12/10,59.09
2019/12/11,58.8
2019/12/12,59.22
2019/12/13,59.78
2019/12/16,60.22
2019/12/17,60.54
2019/12/18,60.8
2019/12/19,61.08
2019/12/20,60.36
2019/12/23,60.64
2019/12/24,61.14
2019/12/26,61.75
2019/12/27,61.72
2019/12/30,61.66
2019/12/31,61.21
2020/1/2,61.18
2020/1/3,63.04
2020/1/6,62.83
2020/1/7,62.69
2020/1/8,59.98
2020/1/9,59.59
2020/1/10,59.12
2020/1/13,58.09
2020/1/14,58.14
2020/1/15,58.1
2020/1/16,58.59
2020/1/17,58.84
2020/1/21,58.24
2020/1/22,56.08
2020/1/23,55.05
2020/1/27,52.83
2020/1/28,53.98
2020/1/29,53.08
2020/1/30,52.95
2020/1/31,51.63
2020/2/3,49.91
2020/2/4,49.45
2020/2/5,51.17
2020/2/6,51.09
2020/2/7,50.34
2020/2/10,49.65
2020/2/11,49.95
2020/2/12,51.69
2020/2/13,51.52
2020/2/14,52.25
2020/2/18,52.36
2020/2/19,53.74
2020/2/20,53.73
2020/2/21,53.46
2020/2/24,51.34
2020/2/25,49.89
2020/2/26,48.65
2020/2/27,46.34
2020/2/28,45.26
2020/3/2,47.52
2020/3/3,47.1
2020/3/4,47.2
2020/3/5,46.01
2020/3/6,41.57
2020/3/9,30.24
2020/3/10,34.85
2020/3/11,33.12
2020/3/12,30.99
2020/3/13,32.93
2020/3/16,28.69
2020/3/17,26.82
2020/3/18,22.39
2020/3/19,25.65
2020/3/20,23.64
2020/3/23,23.78
2020/3/24,24.33
2020/3/25,24.31
2020/3/26,23.18
2020/3/27,21.84
2020/3/30,20.28
2020/3/31,20.1
2020/4/1,21.2
2020/4/2,24.75
2020/4/3,29
2020/4/6,26.3
2020/4/7,24.26
2020/4/8,26.14
2020/4/9,23.19
2020/4/13,22.42
2020/4/14,20.82
2020/4/15,20.15
2020/4/16,19.75
2020/4/17,25.14
2020/4/20,21.22
2020/4/21,13.12
2020/4/22,14.23
2020/4/23,16.87
2020/4/24,17.18
2020/4/27,12.93
2020/4/28,13.27
2020/4/29,15.35
2020/4/30,19.09
2020/5/1,19.69
2020/5/4,21.18
2020/5/5,25.28
2020/5/6,24.09
2020/5/7,24.84
2020/5/8,26.04
2020/5/11,25.38
2020/5/12,25.86
2020/5/13,25.92
2020/5/14,27.98
2020/5/15,29.78
2020/5/18,32.37
2020/5/19,31.86
2020/5/20,33.52
2020/5/21,33.91
2020/5/22,33.56
2020/5/26,35.01
2020/5/27,33.12
2020/5/28,34.43
2020/5/29,36.02
2020/6/1,36.25
2020/6/2,37.39
2020/6/3,37.31
2020/6/4,37.92
2020/6/5,39.47
2020/6/8,38.63
2020/6/9,38.83
2020/6/10,39.48
2020/6/11,36.64
2020/6/12,37.01
2020/6/15,37.68
2020/6/16,38.42
2020/6/17,38.22
2020/6/18,39.16
2020/6/19,39.61
2020/6/22,40.71
2020/6/23,40.14
2020/6/24,38.07
2020/6/25,39.04
2020/6/26,38.16
2020/6/29,39.63
2020/6/30,39.82
2020/7/1,39.71
2020/7/2,40.29
2020/7/3,40.32
2020/7/6,40.59
2020/7/7,40.49
2020/7/8,40.88
2020/7/9,39.59
2020/7/10,40.62
2020/7/13,39.6
2020/7/14,40.44
2020/7/15,40.99
2020/7/16,40.73
2020/7/17,40.77
2020/7/20,40.8
2020/7/21,41.58
2020/7/22,41.89
2020/7/23,41.06
2020/7/24,41.34
2020/7/27,41.65
2020/7/28,41.08
2020/7/29,41.32
2020/7/30,40.33
2020/7/31,40.43
2020/8/3,40.77
2020/8/4,41.53
2020/8/5,42.2
2020/8/6,41.97
2020/8/7,41.6
2020/8/10,41.99
2020/8/11,41.61
2020/8/12,42.56
2020/8/13,42.34
2020/8/14,42.23
2020/8/17,42.81
2020/8/18,42.55
2020/8/19,42.96
2020/8/20,42.76
2020/8/21,42.25
2020/8/24,42.39
2020/8/25,43.4
2020/8/26,43.41
2020/8/27,43.02
2020/8/28,42.93
2020/8/31,42.82
2020/9/1,43
2020/9/2,41.58
2020/9/3,41.28
2020/9/4,39.51
2020/9/8,36.84
2020/9/9,37.78
2020/9/10,37
2020/9/11,37.39
2020/9/14,37.26
2020/9/15,38.39
2020/9/16,40.18
2020/9/17,40.97
2020/9/18,40.98
2020/9/21,39.83
2020/9/22,39.75
2020/9/23,39.59
2020/9/24,40.19
2020/9/25,40.04
2020/9/28,40.57
2020/9/29,39.11
2020/9/30,39.86
2020/10/1,38.58
2020/10/2,37.01
2020/10/5,39.35
2020/10/6,39.83
2020/10/7,40.04
2020/10/8,41.27
2020/10/9,40.52
2020/10/12,39.49
2020/10/13,40.18
2020/10/14,41.11
2020/10/15,40.92
2020/10/16,41.03
2020/10/19,40.93
2020/10/20,41.24
2020/10/21,40
2020/10/22,40.61
2020/10/23,39.78
2020/10/26,38.6
2020/10/27,38.93
2020/10/28,37.38
2020/10/29,36.11
2020/10/30,35.72
2020/11/2,37.05
2020/11/3,37.84
2020/11/4,39.02
2020/11/5,38.52
2020/11/6,37.4
2020/11/9,40.01
2020/11/10,41.4
2020/11/11,41.51
2020/11/12,40.99
2020/11/13,40.18
2020/11/16,41.38
2020/11/17,41.4
2020/11/18,41.9
2020/11/19,42.04
2020/11/20,42.38
2020/11/23,42.86
2020/11/24,44.91
2020/11/25,45.83
2020/11/27,45.52
2020/11/30,45.17
2020/12/1,44.55
2020/12/2,45.19
2020/12/3,45.66
2020/12/4,46.04
2020/12/7,45.72
2020/12/8,45.65
2020/12/9,45.57
2020/12/10,46.9
2020/12/11,46.61
2020/12/14,47
2020/12/15,47.53
2020/12/16,47.79
2020/12/17,48.42
2020/12/18,49.21
2020/12/21,47.74
2020/12/22,46.9
2020/12/23,48.03
2020/12/24,48.3
2020/12/28,47.69
2020/12/29,47.99
2020/12/30,48.31
2020/12/31,48.41
2021/1/4,47.33
2021/1/5,49.99
2021/1/6,50.39
2021/1/7,50.97
2021/1/8,52.59
2021/1/11,52.13
2021/1/12,53.16
2021/1/13,52.9
2021/1/14,53.63
2021/1/15,52.17
2021/1/19,53.01
2021/1/20,53.26
2021/1/21,53.03
2021/1/22,52.09
2021/1/25,52.8
2021/1/26,52.53
2021/1/27,52.62
2021/1/28,52.27
2021/1/29,52.2
2021/2/1,53.67
2021/2/2,54.87
2021/2/3,55.81
2021/2/4,56.35
2021/2/5,56.96
2021/2/8,58.05
2021/2/9,58.4
2021/2/10,58.45
2021/2/11,57.96
2021/2/12,59.65
2021/2/16,60.17
2021/2/17,61.23
2021/2/18,60.05
2021/2/19,59.04
2021/2/22,61.6
2021/2/23,61.84
2021/2/24,63.44
2021/2/25,63.44
2021/2/26,61.66
2021/3/1,60.2
2021/3/2,59.47
2021/3/3,61.06
2021/3/4,64.03
2021/3/5,66.28
2021/3/8,64.68
2021/3/9,63.82
2021/3/10,64.69
2021/3/11,65.91
2021/3/12,65.56
2021/3/15,65.28
2021/3/16,64.94
2021/3/17,64.44
2021/3/18,59.61
2021/3/19,61.51
2021/3/22,61.29
2021/3/23,57.4
2021/3/24,60.86
2021/3/25,58.34
2021/3/26,60.72
2021/3/29,61.61
2021/3/30,60.39
2021/3/31,59.43
2021/4/1,61.24
2021/4/5,58.79
2021/4/6,59.2
2021/4/7,59.56
2021/4/8,59.78
2021/4/9,59.34
2021/4/12,59.63
2021/4/13,60.45
2021/4/14,62.75
2021/4/15,63.32
2021/4/16,63.11
2021/4/19,63.53
2021/4/20,62.42
2021/4/21,61.09
2021/4/22,61.66
2021/4/23,62.04
2021/4/26,61.97
2021/4/27,63.01
2021/4/28,63.65
2021/4/29,64.87
2021/4/30,63.49
2021/5/3,64.5
2021/5/4,66.15
2021/5/5,65.31
2021/5/6,64.86
2021/5/7,64.82
2021/5/10,64.88
2021/5/11,65.45
2021/5/12,65.72
2021/5/13,63.79
2021/5/14,65.51
2021/5/17,66.38
2021/5/18,65.29
2021/5/19,63.36
2021/5/20,61.83
2021/5/21,63.88
2021/5/24,66.03
2021/5/25,65.99
2021/5/26,66.16
2021/5/27,66.86
2021/5/28,66.63
2021/5/31,66.91
2021/6/1,67.99
2021/6/2,68.75
2021/6/3,68.93
2021/6/4,69.37
2021/6/7,69.22
2021/6/8,70.03
2021/6/9,69.75
2021/6/10,70.09
2021/6/11,70.78
2021/6/14,71.19
2021/6/15,72.48
2021/6/16,71.66
2021/6/17,71.06
2021/6/18,71.14
2021/6/21,73.08
2021/6/22,73.08
2021/6/23,73.28
2021/6/24,73.33
2021/6/25,74
2021/6/28,72.77
2021/6/29,73.44
2021/6/30,73.46
2021/7/1,74.96
2021/7/2,75.19
2021/7/5,76.36
2021/7/6,73.02
2021/7/7,71.43
2021/7/8,72.49
2021/7/9,73.85
2021/7/12,73.51
2021/7/13,74.67
2021/7/14,72.43
2021/7/15,71.18
2021/7/16,71.17
2021/7/19,66.53
2021/7/20,66.41
2021/7/21,70.22
2021/7/22,71.71
2021/7/23,72.17
2021/7/26,72.19
2021/7/27,71.89
2021/7/28,72.37
2021/7/29,73.41
2021/7/30,73.81
2021/8/2,71.49
2021/8/3,70.23
2021/8/4,68.02
2021/8/5,69.1
2021/8/6,67.83
2021/8/9,66.85
2021/8/10,68.5
2021/8/11,69.36
2021/8/12,68.91
2021/8/13,68.03
2021/8/16,67.47
2021/8/17,66.58
2021/8/18,64.27
2021/8/19,63.69
2021/8/20,61.86
2021/8/23,65.54
2021/8/24,67.64
2021/8/25,67.99
2021/8/26,67.78
2021/8/27,68.67
2021/8/30,69.12
2021/8/31,68.51
2021/9/1,68.22
2021/9/2,69.79
2021/9/3,69.1
2021/9/6,68.89
2021/9/7,68.38
2021/9/8,69.39
2021/9/9,67.92
2021/9/10,69.71
2021/9/13,70.65
2021/9/14,70.77
2021/9/15,72.64
2021/9/16,72.57
2021/9/17,71.96
2021/9/20,70.43
2021/9/21,70.82
2021/9/22,72
2021/9/23,73.24
2021/9/24,73.95
2021/9/27,75.42
2021/9/28,74.33
2021/9/29,74.76
2021/9/30,75.12
2021/10/1,75.74
2021/10/4,77.6
2021/10/5,79.08
2021/10/6,76.94
2021/10/7,78.85
2021/10/8,79.59
2021/10/11,80.49
2021/10/12,80.56
2021/10/13,80.61
2021/10/14,81.43
2021/10/15,82.66
2021/10/18,81.53
2021/10/19,82.46
2021/10/20,83.57
2021/10/21,82.62
2021/10/22,83.98
2021/10/25,83.71
2021/10/26,84.44
2021/10/27,82.07
2021/10/28,83.06
2021/10/29,83.22
2021/11/1,83.84
2021/11/2,82.96
2021/11/3,80.11
2021/11/4,79.33
2021/11/5,81.17
2021/11/8,82.21
2021/11/9,84.57
2021/11/10,81.3
2021/11/11,81.18
2021/11/12,80.69
2021/11/15,80.95
2021/11/16,80.58
2021/11/17,78.23
2021/11/18,78.32
2021/11/19,75.68
2021/11/22,76.49
2021/11/23,78.5
2021/11/24,78.32
2021/11/25,78.03
2021/11/26,68.17
2021/11/29,70.06
2021/11/30,67
2021/12/1,65.71
2021/12/2,67.37
2021/12/3,66.22
2021/12/6,70.03
2021/12/7,71.73
2021/12/8,72.65
2021/12/9,70.61
2021/12/10,71.96
2021/12/13,71.13
2021/12/14,70.29
2021/12/15,71.45
2021/12/16,71.98
2021/12/17,70.14
2021/12/20,69.22
2021/12/21,71.27
2021/12/22,73.03
2021/12/23,73.76
2021/12/27,75.94
2021/12/28,76.05
2021/12/29,76.59
2021/12/30,76.46
2021/12/31,75.45
2022/1/3,75.99
2022/1/4,77.21
2022/1/5,77.19
2022/1/6,79.65
2022/1/7,78.94
2022/1/10,78.43
2022/1/11,81.33
2022/1/12,82.76
2022/1/13,81.7
2022/1/14,84.27
2022/1/17,84.3
2022/1/18,85.89
2022/1/19,85.03
2022/1/20,84.48
2022/1/21,84.83
2022/1/24,84.08
2022/1/25,85.17
2022/1/26,87.15
2022/1/27,87.29
2022/1/28,87.29
2022/1/31,88.15
2022/2/1,88.36
2022/2/2,88.02
2022/2/3,90.17
2022/2/4,91.92
2022/2/7,91.63
2022/2/8,89.78
2022/2/9,90.03
2022/2/10,90.04
2022/2/11,93.9
2022/2/14,94.78
2022/2/15,92.1
2022/2/16,90.62
2022/2/17,91.68
2022/2/18,90.52
2022/2/21,92.83
2022/2/22,91.61
2022/2/23,92.24
2022/2/24,93
2022/2/25,91.94
2022/2/28,95.82
2022/3/1,106.34
2022/3/2,111.4
2022/3/3,108.05
2022/3/4,115
2022/3/7,120.32
2022/3/8,124.77
2022/3/9,109.53
2022/3/10,105.85
2022/3/11,109.09
2022/3/14,102.04
2022/3/15,95.18
2022/3/16,95.36
2022/3/17,103.62
2022/3/18,103.28
2022/3/21,110.93
2022/3/22,108.75
2022/3/23,114.35
2022/3/24,111.27
2022/3/25,112.6
2022/3/28,103.49
2022/3/29,105.16
2022/3/30,107.46
2022/3/31,101.2
2022/4/1,99.42
2022/4/4,103.65
2022/4/5,101.38
2022/4/6,96.97
2022/4/7,97.13
2022/4/8,97.9
2022/4/11,95.18
2022/4/12,100.98
2022/4/13,104.15
2022/4/14,106.54
2022/4/18,107.02
2022/4/19,102.4
2022/4/20,102.45
2022/4/21,104.03
2022/4/22,101.75
2022/4/25,98.62
2022/4/26,101.71
2022/4/27,102.09
2022/4/28,105.2
2022/4/29,104.11
2022/5/2,105.09
2022/5/3,103.53
2022/5/4,107.55
2022/5/5,108.61
2022/5/6,110.61
2022/5/9,102.35
2022/5/10,99.43
2022/5/11,105.59
2022/5/12,106.63
2022/5/13,110.16
2022/5/16,113.89
2022/5/17,113.66
2022/5/18,109.23
2022/5/19,109.27
2022/5/20,110.35
2022/5/23,110.59
2022/5/24,110.26
2022/5/25,110.74
2022/5/26,114.26
2022/5/27,115.07
2022/5/30,117.17
2022/5/31,115.26
2022/6/1,114.79
2022/6/2,117.55
2022/6/3,120.26
2022/6/6,119.4
2022/6/7,119.77
2022/6/8,122.41
2022/6/9,121.4
2022/6/10,120.47
2022/6/13,121.09
2022/6/14,119.07
2022/6/15,115.83
2022/6/16,117.06
2022/6/17,108.88
2022/6/20,108.77
2022/6/21,109.65
2022/6/22,104.3
2022/6/23,104.03
2022/6/24,107.06
2022/6/27,109.81
2022/6/28,111.84
2022/6/29,109.63
2022/6/30,106.01
2022/7/1,108.46
2022/7/4,110.66
2022/7/5,99.55
2022/7/6,98.13
2022/7/7,102.16
2022/7/8,104.8
2022/7/11,103.46
2022/7/12,95.64
2022/7/13,96.4
2022/7/14,96.47